City,Lat,Lng,Max Temp,Humidity,Cloudiness,Wind Speed,Country,date
Ribeira Grande,38.5167,-28.7,75.6,83,20,8.05,PT,1663704683
Saint-Philippe,-21.3585,55.7679,69.39,87,71,14.72,RE,1663705169
Punta Arenas,-53.15,-70.9167,55.51,35,75,8.05,CL,1663705044
Liku,-0.7275,119.8922,73.98,93,100,2.37,ID,1663705072
Talnakh,69.4865,88.3972,27.21,74,100,9.01,RU,1663705073
Butaritari,3.0707,172.7902,80.71,77,100,11.56,KI,1663705170
Maceió,-9.6658,-35.7353,78.24,69,0,9.22,BR,1663705074
Dikson,73.5069,80.5464,30.27,72,100,19.39,RU,1663704715
Hermanus,-34.4187,19.2345,51.8,77,0,8.63,ZA,1663705171
Busselton,-33.65,115.3333,57.83,71,3,16.13,AU,1663704978
Ushuaia,-54.8,-68.3,49.66,43,0,10.36,AR,1663705172
Qaanaaq,77.484,-69.3632,25.02,61,100,6.15,GL,1663704726
Nome,64.5011,-165.4064,43.16,81,0,8.05,US,1663705172
Beroroha,-21.6667,45.1667,72.72,54,0,1.81,MG,1663705075
Vaini,-21.2,-175.2,75.36,88,40,9.22,TO,1663705173
Hindupur,13.8289,77.4933,71.29,83,100,9.84,IN,1663705076
Jamestown,42.097,-79.2353,73.18,49,0,11.5,US,1663704713
Bluff,-46.6,168.3333,46.8,87,100,2.35,NZ,1663704714
Hilo,19.7297,-155.09,85.28,50,0,5.01,US,1663705097
Raudeberg,61.9875,5.1352,47.07,65,100,16.42,NO,1663705077
Hobart,-42.8794,147.3294,53.46,62,100,8.05,AU,1663704949
Pemangkat,1.1667,108.9667,77.11,84,100,4.16,ID,1663705077
Ardeşen,41.1911,40.9875,71.51,83,96,3.36,TR,1663705078
Fortuna,40.5982,-124.1573,73.9,58,32,4.0,US,1663704725
Albany,42.6001,-73.9662,73.36,74,47,1.99,US,1663705149
Kirovsk,48.6375,38.6428,61.79,53,87,11.95,UA,1663705079
Alenquer,-1.9417,-54.7383,99.27,26,30,6.17,BR,1663705079
New Norfolk,-42.7826,147.0587,53.1,89,97,3.06,AU,1663705176
Hamilton,39.1834,-84.5333,90.25,52,0,3.0,US,1663704947
Portoviejo,-1.05,-80.45,76.41,61,100,9.89,EC,1663705176
Jiamusi,46.8333,130.35,40.15,65,12,10.45,CN,1663705177
Cape Town,-33.9258,18.4232,64.38,67,0,9.22,ZA,1663705064
Sadon,42.8518,44.0037,59.07,72,43,7.47,RU,1663705227
Lubango,-14.9172,13.4925,64.36,41,0,3.85,AO,1663705228
Alofi,-19.0595,-169.9187,71.49,94,75,11.5,NU,1663705228
Chernyshevskiy,63.0128,112.4714,33.78,97,100,9.48,RU,1663705229
Yellowknife,62.456,-114.3525,55.56,54,8,5.01,CA,1663704684
Chokurdakh,70.6333,147.9167,31.46,90,100,15.3,RU,1663705229
Rikitea,-23.1203,-134.9692,73.17,75,0,16.15,PF,1663705230
Samarai,-10.6167,150.6667,79.99,85,100,10.69,PG,1663705230
Kapuskasing,49.4169,-82.4331,73.4,60,57,11.5,CA,1663705231
Nikolskoye,59.7035,30.7861,49.91,94,95,3.06,RU,1663705231
Ilulissat,69.2167,-51.1,37.42,93,75,8.05,GL,1663705232
Bredasdorp,-34.5322,20.0403,51.44,91,0,2.3,ZA,1663705232
Iqaluit,63.7506,-68.5145,38.93,93,100,0.0,CA,1663704735
Saldanha,-33.0117,17.9442,56.66,86,0,9.75,ZA,1663704500
East London,-33.0153,27.9116,60.17,69,51,7.25,ZA,1663704713
Castro,-24.7911,-50.0119,70.25,66,70,3.65,BR,1663705233
Bundaberg,-24.85,152.35,63.21,99,19,1.01,AU,1663705233
Lebu,-37.6167,-73.65,50.14,68,33,9.44,CL,1663705234
Ketchikan,55.3422,-131.6461,63.07,59,0,10.36,US,1663705234
Cidreira,-30.1811,-50.2056,64.58,80,97,10.02,BR,1663705235
Puerto Ayora,-0.7393,-90.3518,75.16,88,71,11.99,EC,1663704717
Carnarvon,-24.8667,113.6333,64.18,65,97,14.25,AU,1663704711
Ban Bung,18.3081,100.7044,72.84,99,100,0.38,TH,1663705236
Kavieng,-2.5744,150.7967,80.65,79,93,9.28,PG,1663705236
Barcelona,41.3888,2.159,73.33,79,20,3.44,ES,1663705131
Saskylakh,71.9167,114.0833,25.2,88,100,18.75,RU,1663705237
Vestmanna,62.1564,-7.1664,50.92,93,100,11.5,FO,1663705237
Curuguaty,-24.4694,-55.6945,74.93,70,88,2.35,PY,1663705238
Sabzawār,36.2126,57.6819,72.68,23,0,9.22,IR,1663705238
Port Alfred,-33.5906,26.891,55.18,94,15,10.16,ZA,1663704713
Tashtagol,52.7657,87.8894,43.41,82,7,1.54,RU,1663705239
Sapernoye,60.7167,29.9505,48.65,90,100,4.68,RU,1663705239
Chui,-33.6971,-53.4616,55.56,76,100,11.61,UY,1663704712
Leningradskiy,69.3833,178.4167,31.44,79,6,12.19,RU,1663704687
Ziro,27.6333,93.8333,58.71,98,100,0.83,IN,1663705240
Upernavik,72.7868,-56.1549,33.48,96,100,5.37,GL,1663705191
Tromsø,69.6496,18.957,42.82,70,75,12.66,NO,1663705241
Manyana,-23.4,21.7167,50.92,33,0,8.39,BW,1663705241
Codrington,-38.2667,141.9667,50.56,92,100,8.3,AU,1663705242
Shitkino,56.3703,98.3543,42.53,84,68,15.26,RU,1663705242
Norman Wells,65.282,-126.8329,53.64,54,75,8.05,CA,1663705243
Baharly,38.4362,57.4316,77.2,22,0,5.93,TM,1663705088
Abéché,13.8292,20.8324,83.23,60,100,6.4,TD,1663705244
Mustvee,58.8486,26.9397,49.46,89,100,4.79,EE,1663705244
Torbay,47.6666,-52.7314,55.27,76,20,9.22,CA,1663704733
Coquimbo,-29.9533,-71.3436,60.53,55,0,13.8,CL,1663705245
Bambous Virieux,-20.3428,57.7575,71.22,88,40,11.5,MU,1663705245
Saint-François,46.4154,3.9054,53.04,62,0,5.75,FR,1663705245
Järvakandi,58.7789,24.8258,49.42,93,74,3.33,EE,1663705246
Hong Kong,22.2855,114.1577,83.17,82,57,10.0,HK,1663705049
Abalak,58.1286,68.5944,60.15,67,98,6.08,RU,1663705247
Plettenberg Bay,-34.0527,23.3716,55.62,82,0,5.64,ZA,1663705073
Nanortalik,60.1432,-45.2371,41.94,89,23,10.18,GL,1663705248
Okato,-39.2,173.8833,54.91,100,98,6.6,NZ,1663705248
Country Club,25.9482,-80.317,91.42,66,20,16.11,US,1663705112
Boysun,38.2061,67.1986,66.13,32,0,5.35,UZ,1663705249
Laguna,38.421,-121.4238,76.32,63,100,8.05,US,1663705249
Hithadhoo,-0.6,73.0833,81.68,71,8,4.61,MV,1663704734
Pisco,-13.7,-76.2167,68.05,64,0,18.41,PE,1663705250
Isiro,2.7739,27.616,67.51,98,35,1.79,CD,1663705250
Micheweni,-4.9667,39.8333,75.16,78,41,7.34,TZ,1663705251
Lar,26.2039,83.9717,79.05,89,100,12.46,IN,1663705251
Kaitangata,-46.2817,169.8464,47.73,96,56,2.24,NZ,1663705252
Brownsville,25.9018,-97.4975,91.4,62,0,11.5,US,1663705174
Sharjah city,25.3573,55.4033,94.98,51,0,5.75,AE,1663705082
Ponta do Sol,32.6667,-17.1,76.01,96,58,4.34,PT,1663705253
Yangi Marg`ilon,40.4272,71.7189,70.52,43,3,4.61,UZ,1663705253
Gijang,35.2442,129.2139,58.73,73,3,8.39,KR,1663705253
Souillac,-20.5167,57.5167,70.18,88,40,11.5,MU,1663705254
Abhā,18.2164,42.5053,64.22,48,20,10.36,SA,1663705028
Lavrentiya,65.5833,-171.0,38.77,71,15,4.45,RU,1663705255
Mataura,-46.1927,168.8643,46.47,99,100,0.58,NZ,1663705229
Winslow,35.0242,-110.6974,71.78,68,20,0.0,US,1663705255
Yamoussoukro,6.8206,-5.2767,75.09,94,40,4.61,CI,1663705256
Dekar,-21.5333,21.9333,57.15,19,0,9.93,BW,1663705256
Matamoros,25.5333,-103.25,86.11,36,75,4.61,MX,1663705256
Aksu,41.1231,80.2644,70.36,34,28,0.36,CN,1663705257
Arraial do Cabo,-22.9661,-42.0278,75.06,69,0,10.36,BR,1663705157
Meulaboh,4.1363,96.1285,75.81,92,100,5.14,ID,1663705258
Stranda,62.3096,6.9358,44.35,93,100,4.45,NO,1663705258
Alekseyevsk,57.8406,108.3492,43.84,93,100,11.52,RU,1663705258
Cherskiy,68.75,161.3,38.32,49,100,14.74,RU,1663705259
Ternate,0.8,127.4,79.92,78,100,1.72,ID,1663705256
Tiksi,71.6872,128.8694,31.64,97,100,10.83,RU,1663705253
Bethel,41.3712,-73.414,77.36,63,20,6.91,US,1663704691
Turiaçu,-1.6633,-45.3717,83.55,65,66,6.46,BR,1663705260
Saint Paul Harbor,57.79,-152.4072,54.91,62,0,12.66,US,1663705261
Luk Pu,23.1742,112.2809,75.67,92,86,1.16,CN,1663705261
Bubaque,11.2833,-15.8333,76.69,87,100,5.77,GW,1663705261
Kamaishi,39.2667,141.8833,55.58,77,73,7.49,JP,1663705262
Carbonia,39.1672,8.5222,72.01,77,1,7.7,IT,1663704689
George Town,5.4112,100.3354,78.73,94,40,2.3,MY,1663705163
Jonava,55.0833,24.2833,51.85,96,0,3.44,LT,1663705263
Mórrope,-6.5417,-80.0111,64.51,60,99,19.04,PE,1663705263
Calderitas,18.55,-88.25,86.11,70,40,9.22,MX,1663705264
Mahébourg,-20.4081,57.7,71.26,88,40,11.5,MU,1663705265
Cabo San Lucas,22.8909,-109.9124,84.61,83,100,11.5,MX,1663705265
Longyearbyen,78.2186,15.6401,33.64,75,75,19.57,SJ,1663704745
Srednekolymsk,67.45,153.6833,36.61,92,100,19.44,RU,1663705267
Atikokan,48.7555,-91.6216,78.93,39,38,10.54,CA,1663705267
Grand Island,40.925,-98.342,98.55,37,0,10.36,US,1663705268
Severo-Kuril'sk,50.6789,156.125,48.43,74,35,16.11,RU,1663705268
Sisophon,13.5859,102.9737,73.98,96,100,4.45,KH,1663705269
Ponta Delgada,37.7333,-25.6667,78.49,73,20,4.61,PT,1663705269
Hattiesburg,31.3271,-89.2903,91.89,54,0,8.05,US,1663705271
Kavaratti,10.5669,72.642,80.78,78,99,14.09,IN,1663705272
Savannah Bight,16.45,-85.85,83.01,74,52,5.73,HN,1663705272
Kapaa,22.0752,-159.319,84.18,68,40,12.66,US,1663705273
Arrondissement de Saint-Claude,46.5,5.8333,50.56,81,23,4.83,FR,1663705273
Barrow,71.2906,-156.7887,37.42,87,20,6.91,US,1663704731
Valky,49.8387,35.6207,49.01,94,100,6.53,UA,1663705274
Atuona,-9.8,-139.0333,76.8,76,45,22.35,PF,1663705275
Kruisfontein,-34.0033,24.7314,53.89,86,0,5.66,ZA,1663704746
Mossamedes,-15.1961,12.1522,63.63,88,10,2.73,AO,1663705264
Port Blair,11.6667,92.75,80.53,78,81,9.91,IN,1663705276
Baykit,61.67,96.37,31.59,73,84,10.96,RU,1663705277
Avarua,-21.2078,-159.775,73.45,83,75,12.66,CK,1663705277
Tasiilaq,65.6145,-37.6368,39.36,97,100,5.57,GL,1663705277
Sibolga,1.7427,98.7792,76.15,85,86,2.82,ID,1663705278
Narsaq,60.9167,-46.05,44.82,75,13,2.55,GL,1663704722
Concordia,-31.393,-58.0209,64.47,77,100,8.05,AR,1663705279
Vao,-22.6667,167.4833,73.63,79,0,8.03,NC,1663705280
Klaksvík,62.2266,-6.589,52.72,93,100,9.78,FO,1663705280
Ascension,30.2169,-90.9001,94.06,47,0,5.75,US,1663705281
Broken Hill,-31.95,141.4333,53.37,86,81,23.31,AU,1663705281
Alugan,12.2188,125.4808,77.16,88,100,7.81,PH,1663705282
Honiara,-9.4333,159.95,75.92,93,100,7.23,SB,1663704631
Kirakira,-10.4544,161.9205,78.85,86,100,13.44,SB,1663704710
Abu Kamal,34.4506,40.9171,87.6,21,0,8.43,SY,1663705283
Tessalit,20.1986,1.0114,96.78,23,71,13.2,ML,1663705284
Waddān,29.1614,16.139,92.53,12,2,10.36,LY,1663705284
Sémbé,1.6481,14.5806,70.45,98,85,1.99,CG,1663705285
Ust-Kuyga,70.0167,135.6,29.03,96,100,3.94,RU,1663705285
Yulara,-25.2406,130.9889,54.77,50,0,8.84,AU,1663705286
Talaya,61.3833,152.75,30.72,97,100,3.15,RU,1663705286
Margate,51.3813,1.3862,61.3,70,100,6.33,GB,1663705287
Fuerte Olimpo,-21.0415,-57.8738,88.79,47,72,7.43,PY,1663705287
Augusto Corrêa,-1.0217,-46.635,81.25,74,23,7.45,BR,1663705288
Teeli,51.0333,90.2333,45.91,58,11,0.72,RU,1663705288
Vostok,46.4856,135.8833,29.82,80,1,6.06,RU,1663705289
Ostrovnoy,68.0531,39.5131,45.7,94,100,22.95,RU,1663705269
Rehoboth,-23.3167,17.0833,51.04,21,0,7.11,NA,1663705289
Rocha,-34.4833,-54.3333,54.45,70,100,9.22,UY,1663705027
Petra,30.3222,35.4793,63.55,88,43,6.06,JO,1663705290
Port Elizabeth,-33.918,25.5701,56.1,90,0,3.44,ZA,1663704738
Necochea,-38.5473,-58.7368,49.68,60,100,9.66,AR,1663705291
Abu Dhabi,24.4667,54.3667,95.11,53,0,5.75,AE,1663705291
Avera,33.194,-82.5271,91.54,34,0,7.11,US,1663705291
Poum,-20.2333,164.0167,74.8,80,0,11.5,NC,1663705292
Ahipara,-35.1667,173.1667,58.17,90,12,2.82,NZ,1663705292
Cayenne,4.9333,-52.3333,77.04,69,75,17.27,GF,1663705243
Atar,20.5169,-13.0499,95.4,24,44,13.2,MR,1663705293
Ancud,-41.8697,-73.8203,46.22,76,42,5.08,CL,1663705293
Rørvik,64.8621,11.2373,37.38,61,93,5.57,NO,1663705294
Mathathane,-22.2687,28.7495,70.5,66,100,10.78,BW,1663705294
Adeje,28.1227,-16.726,72.7,76,20,9.22,ES,1663705295
Husavik,66.0449,-17.3389,51.6,86,45,4.16,IS,1663705295
Shache,38.4167,77.2406,69.33,28,5,5.53,CN,1663705295
Laas,46.6166,10.7002,56.28,84,9,5.99,IT,1663705296
Careiro da Várzea,-3.2003,-59.8119,95.61,31,96,1.05,BR,1663705296
Arrifes,37.7667,-25.7,76.23,73,20,4.61,PT,1663705039
Saint George,37.1041,-113.5841,91.99,16,0,14.97,US,1663705224
Kilindoni,-7.9139,39.6668,76.14,76,34,13.8,TZ,1663705297
Outjo,-20.1167,16.15,65.55,16,0,3.87,NA,1663705298
Bathsheba,13.2167,-59.5167,86.61,74,40,20.71,BB,1663705298
João Pinheiro,-17.7425,-46.1725,84.29,41,67,3.53,BR,1663705299
Haines Junction,60.7522,-137.5108,62.55,45,100,3.44,CA,1663705299
Camacha,33.0833,-16.3333,71.02,78,20,6.91,PT,1663705300
Lompoc,34.6391,-120.4579,80.02,70,40,9.22,US,1663705255
Lüderitz,-26.6481,15.1594,64.58,38,0,10.18,NA,1663705300
Ratnagiri,16.9833,73.3,76.42,85,100,2.82,IN,1663705301
Kochevo,59.5994,54.3125,52.59,73,10,11.1,RU,1663705301
el Prat de Llobregat,41.3278,2.0947,73.74,81,20,3.44,ES,1663705302
Bokoro,12.3807,17.0568,72.93,88,100,25.97,TD,1663705302
Gachsaran,30.3586,50.7981,82.49,32,0,0.0,IR,1663705302
Tabuk,17.4189,121.4443,71.02,92,89,2.59,PH,1663705303
Kiryat Gat,31.61,34.7642,77.68,100,1,4.88,IL,1663705303
Māngrol,21.1167,70.1167,79.16,77,8,9.31,IN,1663705304
Balad,34.0164,44.1453,91.87,9,33,10.31,IQ,1663705304
Yenagoa,4.9247,6.2642,75.52,92,98,3.85,NG,1663705304
Tokoroa,-38.2333,175.8667,51.94,84,100,8.01,NZ,1663705305
Hūn,29.1268,15.9477,91.78,12,3,6.15,LY,1663705305
Antofagasta,-23.65,-70.4,60.08,68,4,13.24,CL,1663705175
Terney,45.0503,136.6092,42.26,59,0,7.09,RU,1663705306
Mt. Pleasant,32.7941,-79.8626,91.54,59,75,5.75,US,1663705152
Grindavik,63.8424,-22.4338,51.75,100,40,6.91,IS,1663705307
Sabang,5.8933,95.3214,81.77,76,97,10.31,ID,1663705307
Mar del Plata,-38.0023,-57.5575,53.62,69,0,9.22,AR,1663705161
Sijunjung,-0.6876,100.9537,71.15,97,100,1.61,ID,1663705308
Olkhovka,53.2115,60.6069,59.27,30,6,7.16,RU,1663705308
Plouzané,48.3833,-4.6167,57.25,91,0,6.91,FR,1663705309
Varadero,23.1536,-81.2514,88.56,71,13,8.81,CU,1663705132
Mbengwi,6.0167,10.0,63.19,96,69,0.78,CM,1663705309
Shitanjing,39.2342,106.3439,55.13,56,0,4.07,CN,1663705310
Mitha Tiwana,32.2486,72.1108,85.21,48,0,8.12,PK,1663705310
Airai,-8.9266,125.4092,59.11,87,35,2.82,TL,1663704734
Novoagansk,61.9449,76.6625,52.07,89,100,15.01,RU,1663705311
Philadelphia,39.9523,-75.1638,82.94,48,40,16.11,US,1663704637
Zhezkazgan,47.8043,67.7144,61.14,17,0,11.03,KZ,1663705311
Botou,38.0667,116.5667,55.81,88,0,6.6,CN,1663705312
Kieta,-6.2167,155.6333,77.72,85,99,2.35,PG,1663704740
Taguatinga,-12.3857,-46.5711,91.33,32,67,4.85,BR,1663705312
Fairbanks,64.8378,-147.7164,46.36,85,75,5.75,US,1663705030
Coahuayana Viejo,18.7333,-103.6833,79.43,86,100,2.35,MX,1663705313
Cleveland,41.4995,-81.6954,80.78,55,100,5.75,US,1663704863
San Patricio,28.017,-97.5169,92.17,47,23,13.47,US,1663704722
Pangkalanbuun,-2.6833,111.6167,71.55,99,100,1.63,ID,1663705314
Raymondville,26.4815,-97.7831,91.4,49,46,12.41,US,1663705314
Nerchinskiy Zavod,51.3088,119.61,43.57,74,100,3.83,RU,1663705315
Praia da Vitória,38.7333,-27.0667,76.75,88,75,4.14,PT,1663705058
Grand Gaube,-20.0064,57.6608,71.38,74,7,7.0,MU,1663705315
Hofn,64.2539,-15.2082,51.15,97,100,3.87,IS,1663705316
Faanui,-16.4833,-151.75,78.44,73,7,16.26,PF,1663705316
Khatanga,71.9667,102.5,22.05,90,94,7.02,RU,1663705316
Yong’an,39.6957,113.6871,49.3,52,2,2.55,CN,1663705317
Dera Ghazi Khan,30.0561,70.6348,87.76,36,0,2.17,PK,1663705318
Wau,7.7029,27.9953,74.41,84,8,3.53,SS,1663705318
Slave Lake,55.2834,-114.769,53.58,66,0,6.91,CA,1663705319
Beyla,8.6833,-8.6333,68.5,96,100,3.02,GN,1663705319
Eyl,7.9803,49.8164,78.53,83,86,17.96,SO,1663705320
Luba,3.4568,8.5547,78.69,85,94,3.76,GQ,1663705321
Loíza,18.4313,-65.8802,87.76,79,40,10.36,PR,1663705321
Champasak,14.75,106.0,72.19,100,100,2.35,LA,1663705322
Lima,-12.0432,-77.0282,70.9,64,100,10.36,PE,1663705091
Les Cayes,18.2,-73.75,85.33,71,100,4.09,HT,1663705323
Khoy,38.5504,44.9535,72.01,18,10,1.52,IR,1663705324
Linjiang,41.8069,126.9078,36.88,90,0,1.92,CN,1663705324
Eydhafushi,5.1033,73.0708,81.52,76,73,10.54,MV,1663705325
Caravelas,-17.7125,-39.2481,73.96,73,20,9.15,BR,1663704736
Pontianak,-0.0333,109.3333,73.38,100,100,2.3,ID,1663705325
Adrar,20.5022,-10.0711,97.57,16,100,6.42,MR,1663705326
Asău,46.4333,26.4,43.72,84,17,4.41,RO,1663705326
Boppard,50.2308,7.5899,53.02,88,13,0.81,DE,1663705327
Tuktoyaktuk,69.4541,-133.0374,44.6,87,100,9.22,CA,1663705327
Kahului,20.8947,-156.47,87.82,64,20,24.16,US,1663705270
General Roca,-39.0333,-67.5833,61.63,24,33,17.56,AR,1663705328
Bonthe,7.5264,-12.505,77.0,86,100,8.1,SL,1663705329
Arlit,18.7369,7.3853,91.24,34,74,14.52,NE,1663705329
Gizo Government Station,-8.103,156.8419,81.39,78,100,8.14,SB,1663705330
Coruripe,-10.1256,-36.1756,75.18,74,0,8.41,BR,1663705330
Nizhnyaya Omka,55.4338,74.9426,61.75,74,39,6.29,RU,1663705331
São João da Barra,-21.6403,-41.0511,77.09,80,63,18.37,BR,1663705331
Dmytrivka,45.9717,28.9864,53.73,54,57,4.94,UA,1663705332
Tsabong,-26.0217,22.401,55.94,30,0,10.36,BW,1663705332
Russell,32.3502,-85.1999,88.97,62,0,5.75,US,1663705333
Tautira,-17.7333,-149.15,76.98,77,77,16.93,PF,1663705333
Buala,-8.145,159.5921,79.72,81,100,5.68,SB,1663705334
Huangzhai,38.0751,112.6595,50.41,70,0,3.02,CN,1663705334
Fereydūnkenār,36.6864,52.5225,75.42,94,0,2.3,IR,1663705335
Warri,5.5167,5.75,76.12,89,100,3.85,NG,1663705336
Santiago del Estero,-27.7951,-64.2615,64.17,51,100,7.72,AR,1663705259
Madīnat Sittah Uktūbar,29.8167,31.05,78.4,54,0,13.04,EG,1663705336
Caniço,32.6333,-16.85,76.01,87,40,3.44,PT,1663705337
Coos Bay,43.3665,-124.2179,71.31,94,75,0.0,US,1663705337
São Filipe,14.8961,-24.4956,79.12,76,28,7.65,CV,1663705338
Pitimbu,-7.4706,-34.8086,79.39,72,20,10.4,BR,1663705338
Tiznit Province,29.5833,-9.5,73.44,57,17,2.19,MA,1663704748
Jega,12.2175,4.3792,78.04,83,6,6.96,NG,1663705339
Katete,-0.7818,29.7544,61.39,91,39,3.85,UG,1663705339
Clyde River,70.4692,-68.5914,32.23,86,75,5.75,CA,1663705233
Turukhansk,65.8167,87.9833,31.51,63,99,7.74,RU,1663705340
Roald,62.5833,6.1333,50.76,76,0,8.05,NO,1663705341
Jinchang,38.4953,102.1739,60.85,47,8,4.5,CN,1663705341
Tazovsky,67.4667,78.7,35.56,73,100,24.29,RU,1663705341
Ati,13.2154,18.3353,78.91,73,100,16.37,TD,1663705342
Florø,61.5996,5.0328,48.16,76,0,8.05,NO,1663705343
Carutapera,-1.195,-46.02,82.0,72,80,8.77,BR,1663705343
Ukiah,39.1502,-123.2078,72.66,55,0,3.44,US,1663705291
Naze,28.3667,129.4833,68.92,76,4,8.52,JP,1663705344
Paraná,-31.732,-60.5238,62.56,79,98,4.18,AR,1663705192
Kodino,63.7198,39.6447,47.44,90,90,12.8,RU,1663705267
Esim,4.8699,-2.2405,75.63,88,99,5.75,GH,1663705345
Port-Gentil,-0.7193,8.7815,78.76,83,75,12.66,GA,1663705338
Muhafazat Lahij,13.1667,44.5833,89.85,41,75,2.86,YE,1663705345
Saint-Joseph,-21.3667,55.6167,68.38,83,36,13.58,RE,1663705346
Reftinskiy,57.0901,61.6769,59.67,54,100,5.19,RU,1663705346
Kem',64.9555,34.5793,45.91,79,81,13.38,RU,1663705347
The Valley,18.217,-63.0578,86.83,84,40,16.11,AI,1663705347
Saint-Junien,45.8833,0.9,59.85,49,29,6.4,FR,1663705348
Te Anau,-45.4167,167.7167,43.48,94,89,0.87,NZ,1663705348
Whitianga,-36.8333,175.7,57.94,91,100,4.07,NZ,1663705349
La Virtud,14.05,-88.7,79.56,80,56,3.98,HN,1663705349
Orekhovo-Zuevo,55.8083,38.979,46.72,88,58,3.56,RU,1663705349
Thompson,55.7435,-97.8558,44.76,81,100,11.5,CA,1663705350
La Ronge,55.1001,-105.2842,53.82,82,100,17.27,CA,1663705350
Salalah,17.0151,54.0924,78.89,94,75,5.75,OM,1663705351
Tahoua,14.8888,5.2692,87.12,48,19,8.81,NE,1663705351
Wilmington,34.2257,-77.9447,90.95,53,40,9.22,US,1663704681
Banda Aceh,5.5577,95.3222,78.85,82,98,5.99,ID,1663705352
Yagodnoye,62.55,149.6667,31.32,98,100,4.97,RU,1663705352
Khromtau,50.2503,58.4347,60.67,18,0,5.68,KZ,1663705352
Bengkulu,-3.8004,102.2655,74.97,92,100,4.56,ID,1663705353
Andenes,69.3143,16.1194,42.78,81,0,11.5,NO,1663705353
Sola,-13.8833,167.55,80.13,78,69,18.32,VU,1663705354
Muravlenko,63.7898,74.523,51.78,98,100,16.82,RU,1663705354
Saint-Pierre,-21.3393,55.4781,69.48,88,75,18.41,RE,1663705355
Balabac,7.9868,117.0645,81.64,75,63,13.04,PH,1663705355
Tocopilla,-22.092,-70.1979,62.92,66,8,15.28,CL,1663705093
Rio Grande,-32.035,-52.0986,62.71,85,99,16.22,BR,1663705356
Okha,53.5739,142.9478,41.92,66,99,20.98,RU,1663705356
Mingguang,32.7802,117.9638,61.74,71,100,5.82,CN,1663705357
Kandrian,-6.2167,149.55,75.6,92,100,3.38,PG,1663705357
Sainte-Maxime,43.3,6.6333,69.93,64,19,2.42,FR,1663705355
Bozüyük,39.9078,30.0367,55.74,88,81,5.28,TR,1663705358
Bolotnoye,55.6717,84.3981,45.93,85,20,2.66,RU,1663705358
Rundu,-17.9333,19.7667,65.75,18,0,7.07,NA,1663705359
Yumen,40.2833,97.2,64.13,27,0,10.29,CN,1663705359
Merauke,-8.4667,140.3333,79.32,84,98,13.06,ID,1663705360
Gouyave,12.1646,-61.7296,83.23,76,55,17.67,GD,1663705361
Sitka,57.0531,-135.33,57.09,72,75,3.44,US,1663705361
Maningrida,-12.0667,134.2667,72.84,84,97,6.8,AU,1663705361
Shingū,33.7333,135.9833,64.58,74,99,4.41,JP,1663705353
Ust'-Shonosha,61.1531,41.343,47.79,92,100,10.2,RU,1663705362
Cockburn Town,21.4612,-71.1419,80.65,89,100,45.34,TC,1663705363
Were Īlu,10.6,39.4333,51.03,85,86,3.71,ET,1663705363
Constitución,-35.3333,-72.4167,52.74,60,4,12.57,CL,1663705364
Aswān,24.0934,32.907,86.32,29,0,10.16,EG,1663705364
Nhamundá,-2.1861,-56.7131,101.57,21,57,6.85,BR,1663705365
Geraldton,-28.7667,114.6,50.41,93,83,8.05,AU,1663705365
Lacombe,52.4668,-113.7353,55.94,39,6,8.19,CA,1663705366
Khasan,42.4308,130.6434,48.69,64,0,6.06,RU,1663705366
Alibag,18.6411,72.8792,77.07,81,59,2.42,IN,1663705366
Elko,41.0002,-115.5012,78.82,13,3,25.01,US,1663705367
Esperance,-33.8667,121.9,54.45,82,0,12.73,AU,1663705367
Trat,12.5,102.5,79.88,98,100,1.03,TH,1663705368
Katubao,5.8892,124.8294,79.25,82,100,1.92,PH,1663705368
Itarantim,-15.6597,-40.0656,81.16,50,65,9.26,BR,1663705369
Isangel,-19.55,169.2667,76.24,82,3,5.57,VU,1663705369
Katsuura,35.1333,140.3,66.97,87,100,19.22,JP,1663705369
Kirovskiy,45.0917,133.5136,37.56,72,18,5.59,RU,1663705267
Khanbari,27.3747,87.2039,71.73,91,100,1.52,NP,1663705370
Winchester,51.0651,-1.3187,61.29,70,20,5.75,GB,1663705370
Yaan,7.3833,8.5667,73.74,92,91,1.32,NG,1663705371
Mizdah,31.4451,12.9801,85.08,14,32,2.93,LY,1663705372
Vestmannaeyjar,63.4427,-20.2734,52.63,93,100,12.12,IS,1663705372
Guozhen,34.3659,107.359,56.53,92,35,0.76,CN,1663705372
Punta Cardon,11.6581,-70.215,84.2,67,71,9.13,VE,1663705373
Dalby,-27.1833,151.2667,60.98,80,99,3.0,AU,1663705373
Zhuanghe,39.7008,122.9911,51.62,55,0,2.66,CN,1663705374
Padang,-0.9492,100.3543,76.24,89,100,4.34,ID,1663705324
Nosy Varika,-20.5833,48.5333,67.55,86,41,2.68,MG,1663705374
Sept-Îles,50.2001,-66.3821,57.72,62,75,9.22,CA,1663705375
Taungdwingyi,20.0167,95.55,73.33,96,86,5.39,MM,1663705375
Kushmurun,52.4503,64.6311,63.72,30,0,6.8,KZ,1663705376
Port Hardy,50.6996,-127.4199,59.18,72,20,4.61,CA,1663705376
Nouadhibou,20.931,-17.0347,75.18,78,9,19.57,MR,1663705377
Hasaki,35.7333,140.8333,63.28,75,100,23.29,JP,1663705377
Hirara,24.8,125.2833,79.99,77,84,24.38,JP,1663705378
Makokou,0.5738,12.8642,71.22,91,99,2.21,GA,1663705378
Comodoro Rivadavia,-45.8667,-67.5,44.46,100,100,12.66,AR,1663705379
Vardø,70.3705,31.1107,39.18,87,100,12.66,NO,1663705379
Hambantota,6.1241,81.1185,79.68,82,8,16.84,LK,1663705380
Arman',59.7,150.1667,41.02,90,100,9.13,RU,1663705380
Erenhot,43.6475,111.9767,54.41,34,6,11.32,CN,1663705381
Mareeba,-17.0,145.4333,72.32,94,92,3.11,AU,1663705382
Lata,40.1629,-8.3327,67.66,83,72,4.0,PT,1663705382
Bridlington,54.0831,-0.1919,59.9,83,71,6.85,GB,1663705383
Zatyshshya,47.3335,29.8733,48.6,73,99,10.2,UA,1663705383
Zhangaözen,43.3,52.8,73.33,18,0,10.02,KZ,1663705384
Puri,19.8,85.85,81.12,83,55,11.03,IN,1663705385
Tuatapere,-46.1333,167.6833,48.6,95,100,1.23,NZ,1663705385
Kalmunai,7.4167,81.8167,80.04,77,9,1.68,LK,1663705386
Wagar,16.1525,36.2032,93.09,33,96,8.39,SD,1663705386
Dalbandin,28.8947,64.4101,82.53,13,0,4.43,PK,1663705387
Pakse,15.1167,105.7833,74.07,98,100,2.39,LA,1663705387
Menongue,-14.6585,17.691,67.55,20,11,4.27,AO,1663705388
Gillette,44.2911,-105.5022,65.32,55,0,5.75,US,1663705146
Bāndarban,22.1965,92.2262,74.23,93,3,2.8,BD,1663705389
Bagadó,5.4116,-76.4152,85.35,64,100,2.35,CO,1663705389
Bull Savanna,17.8868,-77.5902,84.31,66,15,13.02,JM,1663705389
San Quintín,30.4833,-115.95,74.44,67,65,15.14,MX,1663705390
Marawi,7.9986,124.2928,69.3,93,100,1.63,PH,1663705391
Atasū,48.6814,71.6433,56.5,25,0,9.98,KZ,1663705391
Banjarmasin,-3.3244,114.591,73.54,96,100,3.06,ID,1663705328
Prudentópolis,-25.2131,-50.9778,73.74,57,64,1.03,BR,1663705392
Thaba Nchu,-29.2093,26.839,45.9,80,5,5.21,ZA,1663705392
Svobodnyy,51.4,128.1333,39.18,65,95,7.92,RU,1663705393
Say,13.1007,2.3689,84.76,79,9,8.9,NE,1663705393
La Trinidad,16.455,120.5875,60.21,91,73,2.89,PH,1663705393
Middelburg,-25.7751,29.4648,58.55,74,98,14.88,ZA,1663705394
Touros,-5.1989,-35.4608,78.13,71,32,15.23,BR,1663705394
Toila,59.4236,27.5025,52.39,81,100,11.79,EE,1663705395
Anadyr,64.75,177.4833,39.7,80,20,15.66,RU,1663705395
Amarante do Maranhão,-5.5667,-46.7422,98.62,20,16,6.82,BR,1663705396
Takoradze,4.8845,-1.7554,75.16,89,71,6.6,GH,1663705396
Yar-Sale,66.8333,70.8333,49.5,98,100,15.26,RU,1663705397
Suntar,62.1444,117.6319,36.21,97,100,8.72,RU,1663705397
Guánica,17.9716,-66.908,87.04,81,99,11.86,PR,1663705398
Torquay,50.4638,-3.5143,58.86,86,86,1.99,GB,1663705398
Lagoa,39.05,-27.9833,74.14,81,21,7.07,PT,1663705231
Bawku,11.0616,-0.2417,73.56,93,100,5.82,GH,1663705399
Pontalina,-17.525,-49.4472,89.46,35,95,3.67,BR,1663705399
Cornwall,45.0181,-74.7281,60.26,88,100,0.0,CA,1663705400
Zhigansk,66.7697,123.3711,28.8,87,87,15.3,RU,1663705401
Hearst,49.6835,-83.6665,73.65,67,93,7.05,CA,1663705401
Mariehamn,60.0973,19.9348,42.66,93,0,4.61,AX,1663705401
Anamur,36.0751,32.8369,75.07,78,0,5.99,TR,1663705274
Kīhei,20.785,-156.4656,87.82,66,20,24.16,US,1663705184
Provideniya,64.3833,-173.3,40.95,75,37,3.91,RU,1663705403
Chandler,33.3062,-111.8412,97.2,36,40,9.22,US,1663705151
Arcata,40.8665,-124.0828,76.75,72,0,9.22,US,1663705403
Estrela,-28.0611,-50.9383,63.95,71,95,3.53,BR,1663705404
Antipovka,49.8299,45.3122,57.97,68,96,8.08,RU,1663705404
Vila Velha,-20.3297,-40.2925,76.95,83,0,18.41,BR,1663705405
Shiringushi,53.8485,42.7676,56.88,72,92,0.76,RU,1663705405
Coyhaique,-45.5752,-72.0662,46.35,66,75,6.91,CL,1663705163
Inhumas,-16.3578,-49.4961,82.13,50,100,2.37,BR,1663705406
Wuda,39.4994,106.7117,58.8,46,0,5.91,CN,1663705406
Chokwé,-24.5333,32.9833,63.19,88,100,12.37,MZ,1663705407
Buluang,13.3068,123.3425,75.74,93,100,2.35,PH,1663705407
Deputatsky,69.3,139.9,24.73,97,100,4.68,RU,1663705408
Pokrovskoye,47.4157,38.8971,64.13,62,74,5.68,RU,1663705408
Vila Franca do Campo,37.7167,-25.4333,78.19,77,99,1.9,PT,1663705409
Conceição do Araguaia,-8.2578,-49.2647,102.27,17,23,3.6,BR,1663705410
Onzaga,6.3443,-72.8173,68.49,70,70,3.4,CO,1663705410
Aripuanã,-9.1667,-60.6333,94.32,33,82,4.68,BR,1663705410
Kalabo,-14.97,22.6814,77.79,44,78,4.79,ZM,1663705411
Horta,38.5333,-28.6333,74.84,83,20,5.75,PT,1663705411
Sumenep,-7.0167,113.8667,79.72,78,100,5.79,ID,1663705412
Guerrero Negro,27.9769,-114.0611,77.43,61,16,12.33,MX,1663705412
Bolu Province,40.6667,31.5833,50.61,89,46,3.65,TR,1663705413
Ust'-Kut,56.7938,105.7672,43.92,88,100,11.36,RU,1663705413
Stawell,-37.05,142.7667,48.87,95,100,6.38,AU,1663705414
Malhador,-10.6578,-37.3047,75.85,71,14,9.26,BR,1663705414
Yatou,37.15,122.3833,55.06,54,0,4.23,CN,1663705414
Praia,14.9215,-23.5087,79.34,78,20,13.8,CV,1663705415
Auki,-8.7676,160.7034,77.09,87,99,5.57,SB,1663705415
Belūr,13.1667,75.8667,64.65,94,97,5.53,IN,1663705416
Rome,43.2128,-75.4557,66.96,80,100,16.11,US,1663705204
Luganville,-15.5333,167.1667,78.85,82,33,6.2,VU,1663705416
Kangaatsiaq,68.3065,-53.4641,37.26,80,100,14.85,GL,1663705417
Yangjiang,21.85,111.9667,76.14,90,75,6.62,CN,1663705306
Kānker,20.2719,81.4931,72.64,97,100,3.83,IN,1663705417
Shahrud,36.4182,54.9763,68.16,32,0,4.09,IR,1663705418
Mahon,39.8885,4.2658,70.36,64,20,5.75,ES,1663705393
Tura,25.5198,90.2201,73.36,95,16,5.93,IN,1663705418
Barra do Garças,-15.89,-52.2567,93.78,46,75,6.91,BR,1663705419
Kathu,7.9178,98.3332,86.76,83,100,8.32,TH,1663705419
Neiafu,-18.65,-173.9833,79.48,83,20,13.8,TO,1663705420
Balkanabat,39.5108,54.3671,81.5,17,0,8.16,TM,1663705420
Caucaia,-3.7361,-38.6531,82.35,77,0,13.8,BR,1663705421
Kulebaki,55.4133,42.5325,48.13,81,26,3.76,RU,1663705421
San Fernando del Valle de Catamarca,-28.4696,-65.7852,69.06,48,42,1.99,AR,1663705422
Agua Buena,7.8167,-80.4,82.67,74,77,2.95,PA,1663705422
Lagos,6.5833,3.75,74.89,92,21,3.51,NG,1663705376
Harstad,68.799,16.5293,43.99,97,96,8.01,NO,1663705423
Simpang,-1.2667,104.0833,74.1,95,89,2.13,ID,1663705423
Constantine,36.365,6.6147,67.41,72,20,1.14,DZ,1663705423
Lanzhou,36.0564,103.7922,61.02,53,6,1.59,CN,1663705191
Pretoria,-25.7449,28.1878,64.2,60,82,12.66,ZA,1663705413
Dingle,10.9995,122.6711,75.72,89,100,1.66,PH,1663705424
Sidi Ali,36.0998,0.4206,72.48,75,90,5.97,DZ,1663705425
Mbini,1.574,9.6134,76.96,85,90,5.12,GQ,1663705425
Paamiut,61.994,-49.6678,40.32,79,59,17.07,GL,1663705426
Lorengau,-2.0226,147.2712,80.31,80,99,8.86,PG,1663705426
Akhmeta,42.0311,45.2075,70.32,61,4,3.33,GE,1663705427
Yambio,4.5721,28.3955,68.9,97,4,2.3,SS,1663705427
Nioro,13.35,-15.75,74.41,96,100,4.59,GM,1663705427
Kisangani,0.5167,25.2,71.71,98,97,1.63,CD,1663705428
Villa Carlos Paz,-31.4241,-64.4978,61.39,36,49,8.01,AR,1663705428
Visnes,59.3556,5.2242,51.82,87,75,0.0,NO,1663705429
Yakima,46.4665,-120.6678,76.84,27,0,11.5,US,1663705429
Varberg,57.1056,12.2508,48.92,86,12,8.46,SE,1663705430
Vila,42.0304,-8.1588,65.7,66,93,1.97,PT,1663705430
Changping,40.2186,116.2197,47.84,34,0,3.58,CN,1663705430
Beloha,-25.1667,45.05,70.79,69,0,6.82,MG,1663705431
Lakes Entrance,-37.8811,147.981,48.16,64,100,4.21,AU,1663705431
Bandarbeyla,9.4942,50.8122,78.58,84,51,17.98,SO,1663705432
Lake Havasu City,34.4839,-114.3224,101.23,15,0,10.36,US,1663705237
Sabha,27.0377,14.4283,91.35,11,0,7.45,LY,1663705432
Mitzic,0.7821,11.549,68.02,98,54,2.82,GA,1663705433
Mae Sai,20.4335,99.8762,69.87,99,53,2.1,TH,1663705433
Aklavik,68.2191,-135.0107,51.96,63,100,8.23,CA,1663705358
Dekernes,31.0876,31.595,70.12,71,0,4.7,EG,1663705434
Rawson,-43.3002,-65.1023,47.3,95,100,17.78,AR,1663705434
Sioux Lookout,50.1001,-91.917,73.47,68,40,10.36,CA,1663705435
Palana,59.1167,159.9667,44.83,87,99,37.16,RU,1663705435
Cape Coast,5.1053,-1.2466,75.4,89,46,6.73,GH,1663705436
Nkhata Bay,-11.6066,34.2907,74.32,51,0,2.39,MW,1663705436
Caohai,26.8661,104.2841,55.53,96,100,2.51,CN,1663705437
Umm Kaddadah,13.6017,26.6876,84.36,45,36,6.02,SD,1663705437
Marquette,46.5333,-87.6335,80.76,59,1,6.49,US,1663705437
Linxia Chengguanzhen,35.6003,103.2064,52.74,76,3,3.58,CN,1663705438
Half Moon Bay,37.4636,-122.4286,79.88,63,20,9.22,US,1663705438
Mian Channu,30.44,72.3543,81.39,43,0,7.65,PK,1663705439
Dwārka,22.2394,68.9678,80.29,76,19,9.71,IN,1663705439
Sarangani,5.4033,125.4636,83.55,69,100,3.56,PH,1663705439
Siocon,7.7061,122.1353,78.51,88,99,1.07,PH,1663705440
Saurimo,-9.6608,20.3916,74.07,54,30,2.13,AO,1663705440
Aldergrove,49.058,-122.4709,80.67,25,0,18.41,CA,1663705441
Fallon,39.4735,-118.7774,69.67,32,40,3.44,US,1663705441
Itarema,-2.9248,-39.9167,79.74,77,84,18.66,BR,1663705442
Kenitra,34.261,-6.5802,74.16,88,48,5.3,MA,1663705442
Nyazepetrovsk,56.0531,59.6028,55.69,64,99,2.8,RU,1663705443
Hay River,60.8156,-115.7999,62.56,39,40,6.91,CA,1663705442
Sajanan,37.0573,9.2426,74.32,65,2,12.26,TN,1663705444
Ambon City,-3.6954,128.1814,76.23,16,99,0.98,ID,1663705444
Ilhabela,-23.7781,-45.3581,71.64,77,50,2.46,BR,1663705445
Gurupá,-1.405,-51.64,87.53,50,81,3.58,BR,1663705445
Gobabis,-22.45,18.9667,50.61,23,0,11.41,NA,1663705446
Nizwá,22.9333,57.5333,85.06,45,21,2.95,OM,1663705446
Odienné,9.51,-7.5692,70.43,98,100,3.36,CI,1663705447
Härnösand,62.6323,17.9379,48.99,81,55,5.01,SE,1663705447
Kerrville,30.0474,-99.1403,92.55,46,75,5.75,US,1663705288
Birao,10.2849,22.7882,73.45,89,6,0.63,CF,1663705448
Abashiri,44.0213,144.2697,49.95,69,99,7.58,JP,1663705448
Mount Gambier,-37.8333,140.7667,51.01,96,100,5.68,AU,1663705399
Alyangula,-13.8483,136.4192,76.69,76,47,5.5,AU,1663705449
Saýat,38.7839,63.8803,71.47,18,0,9.89,TM,1663705449
Zyryanka,65.75,150.85,34.9,98,100,13.91,RU,1663705450
Manzhouli,49.6,117.4333,46.15,63,100,11.18,CN,1663705450
Malbork,54.0359,19.0266,51.89,84,100,9.53,PL,1663705451
Zhuhai,22.2769,113.5678,83.91,79,20,14.97,CN,1663705386
Eenhana,-17.4667,16.3333,68.05,16,5,7.54,NA,1663705452
Rypefjord,70.6333,23.6667,41.47,81,75,11.5,NO,1663705452
Keşan,40.8558,26.6303,60.69,52,10,5.68,TR,1663705453
Santarém,-2.4431,-54.7083,91.53,55,20,8.05,BR,1663705453
Bendigo,-36.7667,144.2833,52.86,61,100,1.01,AU,1663705348
Barabai,-2.5833,115.3833,71.89,98,100,2.24,ID,1663705455
São Francisco de Assis,-29.5503,-55.1311,69.15,72,86,8.99,BR,1663705455
Baruun-Urt,46.6806,113.2792,44.87,42,0,9.42,MN,1663705456
Leh,34.1667,77.5833,54.99,37,71,5.08,IN,1663705427
Polovinnoye,54.7914,65.9864,62.29,36,28,8.37,RU,1663705456
Antalaha,-14.9003,50.2788,67.24,85,16,8.1,MG,1663705457
Yuli,9.6989,10.2744,74.37,92,10,2.64,NG,1663705457
Durban,-29.8579,31.0292,58.93,95,100,12.59,ZA,1663705282
Forestville,38.8451,-76.875,85.46,45,0,12.66,US,1663705318
Nieuw Amsterdam,5.8833,-55.0833,77.16,89,40,6.91,SR,1663705458
Malko Tarnovo,41.9833,27.5333,49.95,57,59,2.98,BG,1663705459
Uchiza,-8.4592,-76.4633,92.48,37,52,1.43,PE,1663705459
Amahai,-3.3333,128.9167,77.38,86,98,2.55,ID,1663705460
Ambanja,-13.6833,48.45,72.18,83,97,2.62,MG,1663705460
Virginia Beach,36.8529,-75.978,89.64,50,20,9.22,US,1663705279
Port Lincoln,-34.7333,135.8667,56.23,87,92,19.04,AU,1663705360
Sørland,67.667,12.6934,49.21,66,99,17.69,NO,1663705461
Shīeli,44.1667,66.75,73.35,22,0,13.2,KZ,1663705462
Presidencia Roque Sáenz Peña,-26.7852,-60.4388,72.5,61,95,5.57,AR,1663705462
